customer_id,first_name,last_name,company,city,country,phone,email,subscription_date
dd37cf93aeca6dc,sheryl,baxter,rasmussen group,east leonard,chile,229.077.5154,zunigavanessa@smith.info,2020-08-24
1ef7b82a4caad10,preston,lozano,vega-gentry,east jimmychester,djibouti,5153435776,vmata@colon.com,2021-04-23
6f94879bdafe5a6,roy,berry,murillo-perry,isabelborough,antigua and barbuda,+1-539-402-0259,beckycarr@hogan.com,2020-03-25
5cef8bfa16c5e3c,linda,olsen,"dominguez, mcmillan and donovan",bensonview,dominican republic,001-808-617-6467x12895,stanleyblackwell@benson.org,2020-06-02
053d585ab6b3159,joanna,bender,"martin, lang and andrade",west priscilla,slovakia (slovak republic),001-234-203-0635x76146,colinalvarado@miles.net,2021-04-17
2d08fb17ee273f4,aimee,downs,steele group,chavezborough,bosnia and herzegovina,(283)437-3886x88321,louis27@gilbert.com,2020-02-25
ea4d384dfdbbf77,darren,peck,"lester, woodard and mitchell",lake ana,pitcairn islands,(496)452-6181x3291,tgates@cantrell.com,2021-08-24
0e04afde9f225de,brett,mullen,"sanford, davenport and giles",kimport,bulgaria,001-583-352-7197x297,asnow@colon.com,2021-04-12
c2de4deec489ae0,sheryl,meyers,browning-simon,robersonstad,cyprus,854-138-4911x5772,mariokhan@ryan-pope.org,2020-01-13
8c2811a503c7c5a,michelle,gallagher,beck-hendrix,elaineberg,timor-leste,739.218.2516x459,mdyer@escobar.net,2021-11-08
216e205d6ebb815,carl,schroeder,"oconnell, meza and everett",shannonville,guernsey,637-854-0256x825,kirksalas@webb.com,2021-10-20
cedec94dee6d69b,jenna,dodson,"hoffman, reed and mcclain",east andrea,vietnam,(041)737-3846,mark42@robbins.com,2020-11-29
e35426ebdeceaff,tracey,mata,graham-francis,south joannamouth,togo,001-949-844-8787,alex56@walls.org,2021-12-02
a08a8af8be9fad4,kristine,cox,carpenter-cook,jodyberg,sri lanka,786-284-3358x62152,holdenmiranda@clarke.com,2021-02-08
6feaa1b7cab7b6c,faith,lutz,carter-hancock,burchbury,singapore,(781)861-7180x8306,cassieparrish@blevins-chapman.net,2022-01-26
8cad0b4cbceaeec,miranda,beasley,singleton and sons,desireeshire,oman,540.085.3135x185,vduncan@parks-hardy.com,2022-04-12
a5dc21ae3a21eaa,caroline,foley,winters-mendoza,west adriennestad,western sahara,936.222.4746x9924,holtgwendolyn@watson-davenport.com,2021-03-10
f8aa9d6dfcbeef8,greg,mata,valentine llc,lake leslie,mozambique,(701)087-2415,jaredjuarez@carroll.org,2022-03-26
f160f5db3efe973,clifford,jacobson,simon llc,harmonview,south georgia and the south sandwich islands,001-151-330-3524x0469,joseph26@jacobson.com,2020-09-24
0f60ff3ddcd7ab0,joanna,kirk,mays-mccormick,jamesshire,french polynesia,(266)131-7001x711,tuckerangie@salazar.net,2021-09-24
9f9adb7b8a6f7f2,maxwell,frye,patterson inc,east carly,malta,423.262.3059,fgibson@drake-webb.com,2022-01-12
fbd0ded4f02a742,kiara,houston,"manning, hester and arroyo",south alvin,netherlands,001-274-040-3582x10611,blanchardbob@wallace-shannon.com,2020-09-15
2fb0faa1d429421,colleen,howard,greer and sons,brittanyview,paraguay,1935085151,rsingleton@ryan-cherry.com,2020-08-19
010468daa11382c,janet,valenzuela,watts-donaldson,veronicamouth,lao people's democratic republic,354.259.5062x7538,stefanie71@spence.com,2020-09-08
ec1927ca84e033e,shane,wilcox,tucker llc,bryanville,albania,(429)005-9030x11004,mariah88@santos.com,2021-04-06
09d7d7c8fe09aea,marcus,moody,giles ltd,kaitlyntown,panama,674-677-8623,donnamullins@norris-barrett.org,2022-05-24
abdfcf2c50b0bfd,dakota,poole,simmons group,michealshire,belarus,(371)987-8576x4720,stacey67@fields.org,2022-02-20
b92ebfdf8a3f0e6,frederick,harper,"hinton, chaney and stokes",south marissatown,switzerland,+1-077-121-1558x0687,jacobkhan@bright.biz,2022-05-26
3b5daafa41afa22,stefanie,fitzpatrick,santana-duran,acevedoville,saint vincent and the grenadines,(752)776-3286,wterrell@clark.com,2020-07-30
eda69ca7a6e96a2,kent,bradshaw,sawyer plc,north harold,tanzania,+1-472-143-5037x884,qjimenez@boyd.com,2020-04-26
64dccdfab9dfd4e,jack,tate,"acosta, petersen and morrow",west samuel,zimbabwe,965-108-4406x20714,gfigueroa@boone-zavala.com,2021-09-15
679c6c83dd872d6,tom,trujillo,mcgee group,cunninghamborough,denmark,416-338-3758,tapiagreg@beard.info,2022-01-13
7ce381e4afa4ba9,gabriel,mejia,adkins-salinas,port annatown,liechtenstein,4077245425,coleolson@jennings.net,2021-04-24
a09aec6e3bf70ee,kaitlyn,santana,herrera group,new kaitlyn,united states of america,6303643286,georgeross@miles.org,2021-09-21
aa9baffbc3710fe,faith,moon,"waters, chase and aguilar",west marthaburgh,bahamas,+1-586-217-0359x6317,willistonya@randolph-baker.com,2021-11-03
e11dfb2db8c9f72,tammie,haley,"palmer, barnes and houston",east teresa,belize,001-276-734-4113x6087,harrisisaiah@jenkins.com,2022-01-04
889ecf90f68c5da,nicholas,sosa,jordan ltd,south hunter,uruguay,(661)425-6042,fwolfe@dorsey.com,2021-08-10
7a1ee69f4ff4b4d,jordan,gay,glover and sons,south walter,solomon islands,7208417020,tiffanydavies@harris-mcfarland.org,2021-02-24
dca4f1d0a0fc5c9,bruce,esparza,huerta-mclean,poolefurt,montenegro,559-529-4424,preese@frye-vega.com,2021-10-22
17ad8e2db3df03d,sherry,garza,anderson ltd,west john,poland,001-067-713-6440x158,ann48@miller.com,2021-11-01
2f79cd309624abb,natalie,gentry,monroe plc,west darius,dominican republic,830.996.8238,tcummings@fitzpatrick-ashley.com,2020-10-10
6e5ad5a5e2bb5ca,bryan,dunn,kaufman and sons,north jimstad,burkina faso,001-710-802-5565,woodwardandres@phelps.com,2021-09-08
7e441b6b228dbca,wayne,simpson,perkins-trevino,east rebekahborough,bolivia,(344)156-8632x1869,barbarapittman@holder.com,2020-12-13
d3fc11a9c235dc6,luis,greer,cross plc,north drew,bulgaria,001-336-025-6849x701,bstuart@williamson-mcclure.com,2022-05-15
30dfa48fe5ede78,rhonda,frost,"herrera, shepherd and underwood",lake lindaburgh,monaco,(127)081-9339,zkrueger@wolf-chavez.net,2021-12-06
fd780ed8dbeae7b,joanne,montes,"price, sexton and mcdaniel",gwendolynview,palau,(897)726-7952,juan80@henson.net,2020-07-01
300a40d3ce24bba,geoffrey,guzman,short-wiggins,zimmermanland,uzbekistan,975.235.8921x269,bauercrystal@gay.com,2020-04-23
283dfcd0dba40af,gloria,mccall,"brennan, acosta and ramos",north kerriton,ghana,445-603-6729,bartlettjenna@zuniga-moss.biz,2022-03-11
f4fc91feaead286,brady,cohen,osborne-erickson,north eileenville,united arab emirates,741.849.0139x524,mccalltyrone@durham-rose.biz,2022-03-10
80f33fd2acebf05,latoya,mccann,"hobbs, garrett and sanford",port sergiofort,belarus,(530)287-4548x29481,bobhammond@barry.biz,2021-12-02
aa20bde68eab0e9,gerald,hawkins,"phelps, forbes and koch",new alberttown,canada,+1-323-239-1456x96168,uwarner@steele-arias.com,2021-03-19
e898eeb1b9fe22b,samuel,crawford,"may, goodwin and martin",south jasmine,algeria,802-242-7457,xpittman@ritter-carney.net,2021-03-27
facef517ae7d8eb,patricia,goodwin,"christian, winters and ellis",cowanfort,swaziland,322.549.7139x70040,vaughanchristy@lara.biz,2021-03-08
c09952de6cda8aa,stacie,richard,byrd inc,new deborah,madagascar,001-622-948-3641x24810,clinton85@colon-arias.org,2020-10-15
f3bef3be028166f,robin,west,"nixon, blackwell and sosa",wallstown,ecuador,698.303.4267,greenemiranda@zimmerman.com,2022-01-13
c6f2fc6a7948a4e,ralph,haas,montes plc,lake ellenchester,palestinian territory,2239271999,goodmancesar@figueroa.biz,2020-05-25
c8fe57cbbdcdcb2,phyllis,maldonado,costa plc,lake whitney,saint barthelemy,4500370767,yhanson@warner-diaz.org,2021-01-25
b5acdfc982124f2,danny,parrish,novak llc,east jaredbury,united arab emirates,(669)384-8597x8794,howelldarren@house-cohen.com,2021-03-17
8c7ddf10798bcc3,kathy,hill,"moore, mccoy and glass",selenabury,south georgia and the south sandwich islands,001-171-716-2175x310,ncamacho@boone-simmons.org,2020-11-15
c681ddd0cc422f7,kelli,hardy,petty ltd,huangfort,sao tome and principe,020.324.2191x2022,kristopher62@oliver.com,2020-12-20
a940ce42e035f28,lynn,pham,"brennan, camacho and tapia",east pennyshire,portugal,846.468.6834x611,mpham@rios-guzman.com,2020-08-21
9cf5e6afe0aebfd,shelley,harris,"prince, malone and pugh",port jasminborough,togo,423.098.0315x8373,zachary96@mitchell-bryant.org,2020-12-10
aecbe5365bbc67d,eddie,jimenez,caldwell group,west kristine,ethiopia,+1-235-657-1073x6306,kristiwhitney@bernard.com,2022-03-24
fcbdfceae20a8dc,chloe,hutchinson,simon llc,south julia,netherlands,981-544-9452,leah85@sutton-terrell.com,2022-05-15
636cbf0835e10ff,eileen,lynch,"knight, abbott and hubbard",helenborough,liberia,+1-158-951-4131x53578,levigiles@vincent.com,2021-01-02
ff1b6c9e8fbf1ff,fernando,lambert,church-banks,lake nancy,lithuania,497.829.9038,fisherlinda@schaefer.net,2021-04-23
2a13f74eaa7da6c,makayla,cannon,henderson inc,georgeport,new caledonia,001-215-801-6392x46009,scottcurtis@hurley.biz,2020-01-20
a014ec1b9fccc1e,tom,alvarado,donaldson-dougherty,south sophiaberg,kiribati,(585)606-2980x2258,nicholsonnina@montgomery.info,2020-08-18
421a109cabdf5fa,virginia,dudley,warren ltd,hartbury,french southern territories,027.846.3705x14184,zvalencia@phelps.com,2021-01-31
cc68fd1d3bbbf22,riley,good,wade plc,erikaville,canada,6977745822,alex06@galloway.com,2020-02-03
cbcd2ac8e3ebdf9,alexandria,buck,keller-coffey,nicolasfort,iran,078-900-4760x76668,lee48@manning.com,2021-02-20
ef859092fbecc07,richard,roth,conway-mcbride,new jasmineshire,morocco,581-440-6539,aharper@maddox-townsend.org,2020-02-23
f560f2d3cdfb618,candice,keller,huynh and sons,east summerstad,zimbabwe,001-927-965-8550x92406,buckleycory@odonnell.net,2020-08-22
a3f76be153df4a3,anita,benson,parrish ltd,skinnerport,russian federation,874.617.5668x69878,angie04@oconnell.com,2020-02-09
d01af0af7cbbfea,regina,stein,guzman-brown,raystad,solomon islands,001-469-848-0724x4407,zrosario@rojas-hardin.net,2022-01-15
d40e89dcade7b2f,debra,riddle,"chang, aguirre and leblanc",colinhaven,united states virgin islands,+1-768-182-6014x14336,shieldskerry@robles.com,2020-07-11
bf6a1f9bd1bf8de,brittany,zuniga,mason-hester,west reginald,kyrgyz republic,(050)136-9025,mchandler@cochran-huerta.org,2021-07-24
ffaeffbbbf280db,cassidy,mcmahon,"mcguire, huynh and hopkins",lake sherryborough,myanmar,5040771311,katrinalane@fitzgerald.com,2020-10-21
cbae1d1e9a8dcb1,laurie,pennington,"sanchez, marsh and hale",port katherineville,dominica,007.155.3406x553,cookejill@powell.com,2020-06-08
a7f85c1de4db87f,alejandro,blair,"combs, waller and durham",thomasland,iceland,(690)068-4641x51468,elizabethbarr@ewing.com,2020-09-19
d6ceafb3bdbaa1a,leslie,jennings,blankenship-arias,coreybury,micronesia,629.198.6346,corey75@wiggins.com,2021-11-13
ebdb6f6f7c90b69,kathleen,mckay,"coffey, lamb and johnson",lake janiceton,saint vincent and the grenadines,(733)910-9968,chloelester@higgins-wilkinson.com,2021-09-12
e8e7e8cfe516ef0,hunter,moreno,fitzpatrick-lawrence,east clinton,isle of man,(733)833-6754,isaac26@benton-finley.com,2020-12-28
78c06e9b6b3df20,chad,davidson,garcia-jimenez,south joshuashire,oman,8275702958,justinwalters@jimenez.com,2021-11-15
03a1e62addeb31c,corey,holt,"mcdonald, bird and ramirez",new glenda,fiji,001-439-242-4986x7918,maurice46@morgan.com,2020-02-18
c6763c99d0bd16d,emma,cunningham,stephens inc,north jillianview,new zealand,128-059-0206x60217,walter83@juarez.org,2022-05-13
ebe77e5bf9476ce,duane,woods,montoya-miller,lyonsberg,maldives,(636)544-7783x7288,kmercer@wagner.com,2020-07-21
e4bbcd8ad81fc5f,alison,vargas,"vaughn, watts and leach",east cristinabury,benin,365-273-8144,vcantu@norton.com,2020-11-10
efeb73245cdf1ff,vernon,kane,carter-strickland,thomasfurt,yemen,114-854-1159x555,hilljesse@barrett.info,2021-04-15
37ec4b395641c1e,lori,flowers,decker-mcknight,north joeburgh,namibia,679.415.1210,tyrone77@valenzuela.info,2021-01-09
5ef6d3eefdd43be,nina,chavez,byrd-campbell,cassidychester,bhutan,053-344-3205,elliserica@frank.com,2020-03-26
98b3aedcc3b9ff3,shane,foley,rocha-hart,south dannymouth,hungary,+1-822-569-0302,nsteele@sparks.com,2021-07-06
aab6afc7afd0ff3,collin,ayers,lamb-peterson,south lonnie,anguilla,404-645-5351x012,dudleyemily@gonzales.biz,2021-06-29
54b5b5fe9f1b6c5,sherry,young,"lee, lucero and johnson",frankchester,solomon islands,158-687-1764,alan79@gates-mclaughlin.com,2021-04-04
be91a0bdca49bbc,darrell,douglas,"newton, petersen and mathis",daisyborough,mali,001-084-845-9524x1777,grayjean@lowery-good.com,2022-02-17
cb8e23e48d22eae,karl,greer,carey llc,east richard,guyana,(188)169-1674x58692,hhart@jensen.com,2022-01-30
ced220bdaacfadf,lynn,atkinson,"ware, burns and oneal",new bradview,sri lanka,+1-846-706-2218,vkemp@ferrell.com,2021-07-10
28cdbc0dfe4b1db,fred,guerra,schmitt-jones,ortegaland,solomon islands,+1-753-067-8419x7170,swagner@kane.org,2021-09-18
c23d1d9ee8deb0a,yvonne,farmer,fitzgerald-harrell,lake elijahview,aruba,(530)311-9786,mccarthystephen@horn-green.biz,2021-08-11
2354a0e336a91a1,clarence,haynes,"le, nash and cross",judymouth,honduras,(753)813-6941,colleen91@faulkner.biz,2020-03-11
