user_id,first_name,last_name,sex,email,phone,dob,job_title
88f7b33d2bcf9f5,shelby,terrell,male,elijah57@example.net,001-084-906-7849x73518,1945-10-26,games developer
f90cd3e76f1a9b9,phillip,summers,female,bethany14@example.com,214.112.6044x4913,1910-03-24,phytotherapist
dbeab8ccdfefc2c,kristine,travis,male,bthompson@example.com,277.609.7938,1992-07-02,homeopath
a31bee3c201ef58,yesenia,martinez,male,kaitlinkaiser@example.com,584.094.6111,2017-08-03,market researcher
1ba7a3dc874da3c,lori,todd,male,buchananmanuel@example.net,689-207-3558x7233,1938-12-01,veterinary surgeon
bfdd7cdef5d865b,erin,day,male,tconner@example.org,001-171-649-9856x5553,2015-10-28,waste management officer
be9eef34cb72af7,katherine,buck,female,conniecowan@example.com,+1-773-151-6685x49162,1989-01-22,intelligence analyst
2efc6a4e77faeac,ricardo,hinton,male,wyattbishop@example.com,001-447-699-7998x88612,1924-03-26,hydrogeologist
badcc4deefd8deb,dave,farrell,male,nmccann@example.net,603-428-2429x27392,2018-10-06,lawyer
8e4fb470fe19bf0,isaiah,downs,male,virginiaterrell@example.org,+1-511-372-1544x8206,1964-09-20,"engineer, site"
bf0bba03c29bb3b,sheila,ross,female,huangcathy@example.com,895.881.4746,2008-03-20,advertising account executive
f738c69fb34e62e,stacy,newton,male,rayleroy@example.org,710.673.3213x80335,1980-10-20,warden/ranger
c03fdaddaadadce,mandy,blake,male,jefferynoble@example.org,(992)466-1305x4947,2007-12-08,"scientist, clinical (histocompatibility and immunogenetics)"
b759b74bd1de80d,bridget,nash,female,mercedes44@example.com,(216)627-8359,2004-06-28,social worker
1f0b7d65a00daf9,crystal,farmer,male,pmiranda@example.org,+1-024-377-5391,1992-03-09,agricultural consultant
50bb061cb30b461,thomas,knight,female,braunpriscilla@example.net,+1-360-880-0766,2006-02-18,sport and exercise psychologist
d6dba5308fec4bc,maurice,rangel,male,sheenabanks@example.com,(246)187-4969,2004-08-20,secretary/administrator
311d775990f066d,frank,meadows,male,gbrewer@example.org,429.965.3902x4447,2008-09-16,audiological scientist
7f7e1bacb0c9aff,alvin,paul,male,gilbertdonaldson@example.com,219.436.0887x07551,1949-05-12,"teacher, adult education"
88473e15d5c3cd0,jared,mitchell,female,jcortez@example.com,+1-958-849-6781,1921-01-18,paediatric nurse
b31d271f8c200ab,jacqueline,norton,female,carias@example.net,819.309.7679x59173,1952-10-09,"scientist, marine"
42f4bda841abadc,colleen,hatfield,female,fknox@example.org,638.584.1090,1949-10-14,commercial horticulturist
cbbbca0fca3c4bc,randy,barnes,male,huangbill@example.org,001-960-629-7164x67214,1947-12-30,outdoor activities/education manager
f1f89173353ad90,janice,rhodes,female,juarezdominique@example.net,001-249-314-9742x6996,1999-11-01,drilling engineer
c5b09fb33e8ba0a,alfred,mcneil,female,cassandramorris@example.com,(468)276-9509x53058,1993-05-28,systems analyst
c9f2282c40bec1e,sean,levine,male,sallymiller@example.net,4915828504,2010-10-09,"conservation officer, nature"
9c1bc7ec53fb7ce,louis,payne,male,bsullivan@example.net,6232695307,1916-01-29,counsellor
ddec50e2a2e3a2b,brittney,vega,female,ayalajose@example.net,945-739-8686,1932-10-31,recycling officer
66f096d36ebae11,judy,buckley,male,irosales@example.net,001-654-208-1241x52830,1963-07-28,art gallery manager
f0fe2faad78f8b5,norman,weber,male,mconrad@example.com,223.002.0429,1957-05-21,gaffer
5d2feafbdcaa6b5,isaiah,camacho,female,jimblake@example.org,001-536-544-3367,1966-04-07,food technologist
cda5f303fcd6dea,jacqueline,gallagher,male,nsampson@example.net,(247)762-8934,1999-02-25,building services engineer
8ef7dbfcab02b6b,bonnie,andrews,female,caitlin24@example.net,+1-253-987-2776x9161,1953-12-21,seismic interpreter
6dec5b5542f8ed8,brandon,schmidt,female,mconley@example.net,+1-386-673-1465x006,1931-05-12,"engineer, biomedical"
3fb8a7f68e12784,jackson,sparks,female,reynoldsdarryl@example.net,(137)908-3129x65035,1980-11-18,set designer
035eff50b9a0f24,melody,cook,male,jeannovak@example.org,(826)792-7381,1963-06-25,research scientist (life sciences)
aa614aae4b7cf0c,leonard,hurst,male,clinton78@example.org,941-038-0427x38800,1938-03-13,"accountant, chartered management"
accde95aae3e6cc,gene,rich,female,luisdeleon@example.org,+1-356-818-6604x89537,1946-08-22,"surveyor, quantity"
b6a35de5cb6fc25,cynthia,wiggins,female,rosariodave@example.org,(110)858-2437x70190,1984-01-27,outdoor activities/education manager
e92a191e345fa3a,tanya,mckinney,female,vickihouston@example.com,(830)774-9002x086,2003-03-12,information systems manager
7d0acbf6ccac3fd,matthew,stone,female,evelyn31@example.org,952-381-6360,2017-08-23,"scientist, clinical (histocompatibility and immunogenetics)"
cefa7bbcef013ae,kirk,walsh,female,stephenfuller@example.org,001-826-496-5529x8661,2009-04-08,accounting technician
9edbc94ae7ca22a,willie,vang,female,haleymathews@example.net,741.168.6854x067,1978-02-02,management consultant
ffe7baa737adbe2,miguel,hill,female,tyrone56@example.org,5247842945,1930-08-26,make
5f2f3faca8b0946,darren,andrews,male,lhernandez@example.com,(975)799-4261,1997-10-04,retail banker
6bfcfc3cc1bc6b4,haley,pugh,female,molly03@example.org,(746)182-6137x2453,1980-09-16,commissioning editor
f3bd2cbf7eeb6df,danielle,estrada,female,jvang@example.org,(890)374-9518x772,1930-07-09,"accountant, chartered management"
ee4eb129dc7913a,becky,brady,male,erikmueller@example.org,(390)002-0863,1957-06-27,seismic interpreter
dbcef340c3657eb,caitlyn,frey,male,rivasdominique@example.org,805-021-3965x46344,1968-01-26,jewellery designer
e47fb71dd9accd9,joshua,sweeney,male,daisymcgee@example.net,875.994.2100x535,1954-07-28,"education officer, museum"
ea3fdd79be9f0e7,heidi,escobar,female,staffordtravis@example.net,601-155-3065x1131,1931-09-25,estate manager/land agent
af0ee4547bc025c,brian,oconnell,female,saralong@example.net,952-283-1423x733,1911-10-23,physiotherapist
9f5ded7ad228f5a,beverly,esparza,female,iphelps@example.net,+1-327-578-8754x6771,1930-12-09,passenger transport manager
d3fa0220dde4d36,nathaniel,rivas,female,roberto29@example.com,(655)887-2040x37888,1908-11-17,call centre manager
60fdbfd5e7be8ff,debra,payne,female,yolanda07@example.org,001-731-525-8400x52593,1927-08-20,special educational needs teacher
d8bf5ab2b98caff,mackenzie,rocha,female,abbottyvette@example.net,4225525458,1980-10-21,museum/gallery exhibitions officer
cd8d33aa25bc8bb,courtney,watkins,female,ochang@example.org,210.683.2761x5883,2003-12-07,pension scheme manager
fac3bfff0a3d03c,fred,olsen,female,amyanderson@example.com,497-774-3053,1910-04-10,archaeologist
e552d7ddafe1ffb,ryan,nelson,female,qnorman@example.org,956.330.2951,1924-05-02,historic buildings inspector/conservation officer
0f8deedb629a5f6,grace,phelps,male,clarkeangela@example.net,(034)867-8827x6777,1909-10-15,petroleum engineer
bb9e49e506f65ed,shari,daugherty,male,kalvarado@example.org,001-951-655-4798x6124,1944-11-24,curator
ed724605a403d91,kelli,garner,male,jodyvincent@example.org,995.000.4213x0982,2010-01-17,retail banker
0abe5acb18e0c10,jackie,bennett,male,hutchinsonkirk@example.com,001-740-937-0846x0087,1915-11-11,neurosurgeon
5d2cb63caaf53f6,leslie,conway,female,floreschristina@example.org,795.782.4384x555,1983-11-06,chiropractor
ee6974f90eece18,harold,barnett,female,nathan65@example.org,+1-026-265-6392,1943-03-15,"biochemist, clinical"
cef02c076afa07f,larry,harper,male,maria32@example.org,+1-244-630-3792x4121,2021-05-05,"scientist, water quality"
9df5ba591bf3eff,mike,ward,female,imccullough@example.com,116-729-5046,1967-11-09,hydrologist
3fab1cbfefbddd4,brittney,rubio,female,corey92@example.com,593.976.2528,1959-12-24,"biochemist, clinical"
ebcefdf75ecb0a9,frank,pineda,male,daltoncalvin@example.net,(035)961-5060x9182,1926-03-10,hospital pharmacist
e75e5dbfcb68887,sandra,wu,male,ubanks@example.com,+1-096-606-6454x067,1925-04-28,warehouse manager
6a53a8d41ddf6de,ryan,benton,male,lopezdebbie@example.org,+1-695-557-9948x485,2020-10-06,physiological scientist
f0d3bd1aaf9e3bc,tamara,hull,male,meagan39@example.net,017.665.3744x7944,1933-01-31,english as a second language teacher
5bc87340799fbd0,jean,ritter,female,kristina76@example.com,(954)060-1066,1985-08-06,financial trader
dbfa17aaf16b4ab,veronica,briggs,female,weissbridget@example.com,+1-521-589-2387x48490,1974-06-08,structural engineer
c935b7eb6fa0b0f,kim,andrews,female,wpetersen@example.org,7677125383,1990-11-15,"biochemist, clinical"
b3e15e65ca2ccbf,tina,cunningham,male,wongmary@example.org,079-907-5051,1956-11-29,race relations officer
dade3452f0c32fd,jonathon,atkinson,male,gailfrench@example.net,874-037-2032x932,2011-07-19,"psychologist, forensic"
aded6cfd85dec46,jermaine,reid,female,vpaul@example.com,(742)214-8691,1974-08-18,newspaper journalist
daf111987098ae4,regina,stevens,male,xpoole@example.net,891-359-2684,2011-11-28,public house manager
6e6a5b885f6496d,terrence,huff,male,cassandra80@example.org,221.800.6408x5416,1944-02-27,careers information officer
12dcb4ed8e01d5c,tyler,foley,female,johnathan72@example.org,001-386-469-3075x8030,1908-09-19,economist
e1cb5ca8ca7cc0a,andrew,waters,male,nhall@example.net,+1-376-865-2765x3351,1948-05-14,jewellery designer
aeddfae8cf49f07,reginald,stephenson,male,erikaball@example.net,+1-832-500-6044x475,2010-02-08,contracting civil engineer
bff9853afaef772,douglas,reese,female,nixonvanessa@example.net,001-834-660-8312x9864,1961-11-11,higher education lecturer
e883773ca5219be,helen,williamson,female,melvin08@example.net,001-377-726-4229,1911-08-11,"lecturer, further education"
cb19eafebbff9ec,mario,vaughn,male,oblake@example.com,160-144-5039x12276,1990-07-08,research scientist (life sciences)
5834700fbed2771,chelsea,dickson,male,johnnyhendricks@example.net,001-698-651-0138x18588,1958-05-13,"teacher, early years/pre"
2b0ab1dc9e01d7e,dustin,bailey,male,pbarron@example.net,+1-965-621-1157x345,1908-08-22,travel agency manager
3f3a3d89ad042dd,harry,medina,female,olsenmalik@example.net,+1-451-099-5805,1947-08-24,technical sales engineer
9425e2f38c408ef,kathy,haney,female,teresa37@example.com,(164)105-8456,1955-09-02,charity fundraiser
f0aec9c2759f3c6,alison,nixon,female,zmiles@example.net,3506680871,1941-07-10,patent attorney
d6ea619a7c4aa95,jamie,hardy,female,sheenadouglas@example.com,(900)803-9295x11533,1994-07-17,"conservator, furniture"
2a33e7cad1bb0f5,melody,cox,female,evan90@example.org,(626)520-5080x3511,1974-07-30,dance movement psychotherapist
d181ffb7d3e68bb,xavier,cole,male,nicolas90@example.org,8164259975,1938-11-29,financial planner
feabf8dae0c0d6f,dillon,guzman,female,angelanavarro@example.net,971-992-4521,1942-04-01,air broker
5efda7caaeb260e,dennis,barnes,female,bmartin@example.org,001-095-524-2112x257,1954-07-30,software engineer
ccbfce93d3720be,steve,patterson,female,latasha46@example.net,001-865-478-5157,1932-04-29,barrister
2fec528afaf0b69,wesley,bray,male,regina11@example.org,995-542-3004x76800,1994-12-28,police officer
adc7ad9b6e4a1fe,summer,oconnell,female,alexiscantrell@example.org,001-273-685-6932x092,2012-04-12,broadcast journalist
b8d0ad3490fc7e1,mariah,bernard,male,pcopeland@example.org,(341)594-6554x44657,2016-11-15,it sales professional
